original_filename,new_filename,main_category,specific_food_name,image_description,width,height,orientation,quality_score,duplicate_status,source_url,downloaded_or_original,recommended_website_usage
001-healthy-recipe-bowl-6544374.jpg,Healthy-Light-Meals/tofu-greens-rice-bowl/tofu-greens-rice-bowl-01.jpg,Healthy-Light-Meals,tofu-greens-rice-bowl,tofu or tempeh rice bowl with greens and sauce,1880,1253,landscape,92,unique,https://www.pexels.com/photo/food-healthy-dinner-dip-6544374/,original,food-card
002-healthy-recipe-bowl-236830.jpg,Healthy-Light-Meals/roasted-potato-avocado-bowl/roasted-potato-avocado-bowl-01.jpg,Healthy-Light-Meals,roasted-potato-avocado-bowl,roasted potato and avocado bowl with sprouts,1880,1283,landscape,92,unique,https://www.pexels.com/photo/chopstick-on-bowl-with-salad-inside-236830/,original,food-card
003-healthy-recipe-bowl-6771602.jpg,Healthy-Light-Meals/yogurt-banana-granola-bowl/yogurt-banana-granola-bowl-01.jpg,Healthy-Light-Meals,yogurt-banana-granola-bowl,"yogurt bowl with banana, granola, and fruit compote",1880,1255,landscape,92,unique,https://www.pexels.com/photo/tasty-smoothie-bowl-with-fresh-fruits-and-coconut-flakes-6771602/,original,food-card
004-healthy-recipe-bowl-7964688.jpg,Healthy-Light-Meals/women-holding-salad-bowls/women-holding-salad-bowls-01.jpg,Healthy-Light-Meals,women-holding-salad-bowls,two people holding salad bowls; lifestyle food image,1880,1255,landscape,68,unique,https://www.pexels.com/photo/women-standing-back-to-back-holding-food-platters-7964688/,original,promotional-banner
005-healthy-recipe-bowl-17597404.jpg,Healthy-Light-Meals/egg-avocado-rice-bowl/egg-avocado-rice-bowl-01.jpg,Healthy-Light-Meals,egg-avocado-rice-bowl,"egg, avocado, corn, rice, and vegetable bowl",1733,1300,landscape,92,unique,https://www.pexels.com/photo/bowl-of-fresh-chopped-vegetables-and-eggs-17597404/,original,food-card
006-healthy-recipe-bowl-17597485.jpg,Healthy-Light-Meals/tuna-avocado-corn-bowl/tuna-avocado-corn-bowl-01.jpg,Healthy-Light-Meals,tuna-avocado-corn-bowl,"tuna, avocado, corn, cucumber, and herb bowl",1733,1300,landscape,92,unique,https://www.pexels.com/photo/food-in-bowl-17597485/,original,food-card
007-healthy-recipe-bowl-6740849.jpg,Healthy-Light-Meals/meal-bowl-with-smoothie/meal-bowl-with-smoothie-01.jpg,Healthy-Light-Meals,meal-bowl-with-smoothie,healthy meal bowl beside bottled smoothie,1880,1253,landscape,68,unique,https://www.pexels.com/photo/healthy-food-and-drink-6740849/,original,gallery
008-healthy-recipe-bowl-5907999.jpg,Healthy-Light-Meals/egg-noodle-vegetable-bowl/egg-noodle-vegetable-bowl-01.jpg,Healthy-Light-Meals,egg-noodle-vegetable-bowl,soft boiled egg noodle bowl with greens,1880,1236,landscape,92,unique,https://www.pexels.com/photo/crop-unrecognizable-woman-touching-bowl-with-traditional-ramen-soup-5907999/,original,food-card
009-healthy-recipe-bowl-9213888.jpg,Healthy-Light-Meals/lime-chicken-rice-bowl/lime-chicken-rice-bowl-01.jpg,Healthy-Light-Meals,lime-chicken-rice-bowl,lime chicken rice bowl with greens,1880,1253,landscape,92,unique,https://www.pexels.com/photo/cooked-food-in-a-ceramic-bowl-9213888/,original,food-card
010-healthy-recipe-bowl-6546429.jpg,Healthy-Light-Meals/chickpea-pita-salad-bowl/chickpea-pita-salad-bowl-01.jpg,Healthy-Light-Meals,chickpea-pita-salad-bowl,chickpea salad bowl with pita bread,1880,1253,landscape,92,unique,https://www.pexels.com/photo/food-healthy-vegetables-dinner-6546429/,original,food-card
011-healthy-recipe-bowl-36075894.jpg,Healthy-Light-Meals/vegetable-noodle-salad/vegetable-noodle-salad-01.jpg,Healthy-Light-Meals,vegetable-noodle-salad,cold vegetable noodle salad with dipping sauce,1880,1253,landscape,92,unique,https://www.pexels.com/photo/indonesian-gado-gado-salad-with-peanut-sauce-36075894/,original,food-card
012-healthy-recipe-bowl-19150339.jpg,Healthy-Light-Meals/cauliflower-tomato-salad-bowl/cauliflower-tomato-salad-bowl-01.jpg,Healthy-Light-Meals,cauliflower-tomato-salad-bowl,"cauliflower, tomato, and greens salad bowl",1753,1300,landscape,92,unique,https://www.pexels.com/photo/hands-holding-bowl-of-salad-19150339/,original,food-card
013-healthy-recipe-bowl-5907993.jpg,duplicates/egg-noodle-vegetable-bowl/egg-noodle-vegetable-bowl-02.jpg,Healthy-Light-Meals,egg-noodle-vegetable-bowl,soft boiled egg noodle bowl with greens,1880,1253,landscape,74,similar-duplicate,https://www.pexels.com/photo/crop-unrecognizable-women-decorating-asian-noodle-soup-with-parsley-5907993/,original,food-card
014-healthy-recipe-bowl-12814860.jpg,Healthy-Light-Meals/salmon-poke-bowl/salmon-poke-bowl-01.jpg,Healthy-Light-Meals,salmon-poke-bowl,salmon poke bowl with cucumber and edamame,1733,1300,landscape,92,unique,https://www.pexels.com/photo/a-salad-in-a-bowl-12814860/,original,food-card
015-healthy-recipe-bowl-19658784.jpg,Healthy-Light-Meals/berry-yogurt-granola-bowl/berry-yogurt-granola-bowl-01.jpg,Healthy-Light-Meals,berry-yogurt-granola-bowl,berry yogurt granola bowl,1880,1253,landscape,92,unique,https://www.pexels.com/photo/bowl-of-granola-with-whole-fruits-19658784/,original,food-card
016-healthy-recipe-bowl-5908009.jpg,duplicates/egg-noodle-vegetable-bowl/egg-noodle-vegetable-bowl-03.jpg,Healthy-Light-Meals,egg-noodle-vegetable-bowl,soft boiled egg noodle bowl with greens,1880,999,landscape,74,similar-duplicate,https://www.pexels.com/photo/crop-unrecognizable-women-decorating-noodles-soup-with-cut-chili-pepper-5908009/,original,food-card
017-healthy-recipe-bowl-4958901.jpg,Healthy-Light-Meals/beetroot-avocado-soup/beetroot-avocado-soup-01.jpg,Healthy-Light-Meals,beetroot-avocado-soup,red beetroot soup or smoothie bowl with avocado,1880,1253,landscape,92,unique,https://www.pexels.com/photo/woman-holding-dish-with-herbs-4958901/,original,food-card
018-healthy-recipe-bowl-9213852.jpg,Healthy-Light-Meals/avocado-veggie-grain-bowl/avocado-veggie-grain-bowl-01.jpg,Healthy-Light-Meals,avocado-veggie-grain-bowl,avocado vegetable grain bowl with sauce,1880,1253,landscape,92,unique,https://www.pexels.com/photo/a-close-up-shot-of-a-salad-9213852/,original,food-card
019-healthy-recipe-bowl-6631967.jpg,Healthy-Light-Meals/chickpea-quinoa-bowl/chickpea-quinoa-bowl-01.jpg,Healthy-Light-Meals,chickpea-quinoa-bowl,chickpea and quinoa bowl with roasted vegetables,1880,1253,landscape,92,unique,https://www.pexels.com/photo/close-up-photo-of-a-bowl-with-chickpeas-and-tofu-6631967/,original,food-card
020-healthy-recipe-bowl-788766.jpg,review-needed/unidentified-green-dumpling-salad/unidentified-green-dumpling-salad-01.jpg,review-needed,unidentified-green-dumpling-salad,green gnocchi or dumpling salad bowl,1551,1300,landscape,55,unique,https://www.pexels.com/photo/person-holding-bowl-with-mixed-food-788766/,original,review-needed
021-healthy-recipe-bowl-6546437.jpg,duplicates/chickpea-pita-salad-bowl/chickpea-pita-salad-bowl-02.jpg,Healthy-Light-Meals,chickpea-pita-salad-bowl,chickpea salad bowl with pita bread,1880,1253,landscape,74,similar-duplicate,https://www.pexels.com/photo/vegan-chili-bowl-6546437/,original,food-card
022-healthy-recipe-bowl-5182123.jpg,Healthy-Light-Meals/salmon-chickpea-bowl/salmon-chickpea-bowl-01.jpg,Healthy-Light-Meals,salmon-chickpea-bowl,salmon and chickpea bowl with greens,1880,1253,landscape,92,unique,https://www.pexels.com/photo/person-holding-a-bowl-with-food-5182123/,original,food-card
023-healthy-recipe-bowl-1564585.jpg,Healthy-Light-Meals/green-smoothie-bowl/green-smoothie-bowl-01.jpg,Healthy-Light-Meals,green-smoothie-bowl,green smoothie bowl with blueberries and mango,1880,1253,landscape,92,unique,https://www.pexels.com/photo/fruit-shake-with-blueberries-in-white-bowl-1564585/,original,food-card
024-healthy-recipe-bowl-20929210.jpg,Healthy-Light-Meals/avocado-blueberry-salad/avocado-blueberry-salad-01.jpg,Healthy-Light-Meals,avocado-blueberry-salad,avocado blueberry green salad,1880,1253,landscape,92,unique,https://www.pexels.com/photo/vegetables-salad-in-bowl-20929210/,original,food-card
025-healthy-recipe-bowl-6546422.jpg,duplicates/chickpea-pita-salad-bowl/chickpea-pita-salad-bowl-03.jpg,Healthy-Light-Meals,chickpea-pita-salad-bowl,chickpea salad bowl with pita bread,1880,1253,landscape,74,similar-duplicate,https://www.pexels.com/photo/vegan-chili-bowl-6546422/,original,food-card
026-healthy-recipe-bowl-15615007.jpg,Healthy-Light-Meals/shrimp-zucchini-rice-bowl/shrimp-zucchini-rice-bowl-01.jpg,Healthy-Light-Meals,shrimp-zucchini-rice-bowl,shrimp zucchini rice bowl,1880,1253,landscape,92,unique,https://www.pexels.com/photo/shrimps-on-rice-for-dinner-15615007/,original,food-card
027-healthy-recipe-bowl-13222803.jpg,Healthy-Light-Meals/kiwi-smoothie-bowl/kiwi-smoothie-bowl-01.jpg,Healthy-Light-Meals,kiwi-smoothie-bowl,kiwi smoothie bowl with nuts and berries,1880,1253,landscape,92,unique,https://www.pexels.com/photo/close-up-shot-of-a-smoothie-bowl-13222803/,original,food-card
028-healthy-recipe-bowl-8481842.jpg,Healthy-Light-Meals/teriyaki-chicken-rice-bowl/teriyaki-chicken-rice-bowl-01.jpg,Healthy-Light-Meals,teriyaki-chicken-rice-bowl,teriyaki chicken rice bowl with sesame,1880,1253,landscape,92,unique,https://www.pexels.com/photo/cooked-food-with-sesame-seeds-and-nori-8481842/,original,food-card
029-healthy-recipe-bowl-4877248.jpg,Healthy-Light-Meals/rainbow-vegetable-bowl/rainbow-vegetable-bowl-01.jpg,Healthy-Light-Meals,rainbow-vegetable-bowl,rainbow vegetable bowl with shredded carrots,1880,1253,landscape,92,unique,https://www.pexels.com/photo/delicious-poke-bowl-near-apple-on-stripes-surface-4877248/,original,food-card
030-healthy-recipe-bowl-38431269.jpg,Healthy-Light-Meals/pasta-salad-bowl/pasta-salad-bowl-01.jpg,Healthy-Light-Meals,pasta-salad-bowl,healthy pasta salad bowl with greens,1880,1253,landscape,92,unique,https://www.pexels.com/photo/woman-holding-delicious-fresh-pasta-dish-38431269/,original,food-card
031-healthy-recipe-bowl-248509.jpg,Healthy-Light-Meals/quinoa-tomato-salad/quinoa-tomato-salad-01.jpg,Healthy-Light-Meals,quinoa-tomato-salad,quinoa tomato salad in a pan,1880,1253,landscape,92,unique,https://www.pexels.com/photo/close-up-of-salad-in-bowl-248509/,original,food-card
032-healthy-recipe-bowl-20175008.jpg,Healthy-Light-Meals/kiwi-granola-bowl/kiwi-granola-bowl-01.jpg,Healthy-Light-Meals,kiwi-granola-bowl,kiwi granola breakfast bowl,1880,1253,landscape,92,unique,https://www.pexels.com/photo/a-smoothie-bowl-with-fruit-and-nuts-on-top-20175008/,original,food-card
033-healthy-recipe-bowl-28286219.jpg,Healthy-Light-Meals/zucchini-noodle-salad/zucchini-noodle-salad-01.jpg,Healthy-Light-Meals,zucchini-noodle-salad,zucchini noodle salad with tomatoes,1880,1253,landscape,92,unique,https://www.pexels.com/photo/vegan-courgetti-marinara-28286219/,original,food-card
034-healthy-recipe-bowl-5645029.jpg,Healthy-Light-Meals/vegetable-prep-board/vegetable-prep-board-01.jpg,Healthy-Light-Meals,vegetable-prep-board,vegetable preparation scene with cucumbers and tomatoes,1880,1248,landscape,68,unique,https://www.pexels.com/photo/hands-of-a-person-slicing-green-vegetable-on-stainless-steel-bowl-5645029/,original,background
035-healthy-recipe-bowl-34227827.jpg,Healthy-Light-Meals/berry-smoothie-bowl/berry-smoothie-bowl-01.jpg,Healthy-Light-Meals,berry-smoothie-bowl,berry smoothie bowl with banana and blueberries,1880,1251,landscape,92,unique,https://www.pexels.com/photo/colorful-and-healthy-smoothie-bowl-with-fruits-34227827/,original,food-card
036-healthy-recipe-bowl-262947.jpg,Healthy-Light-Meals/tomato-soup/tomato-soup-01.jpg,Healthy-Light-Meals,tomato-soup,tomato soup bowls,1880,1275,landscape,92,unique,https://www.pexels.com/photo/two-teal-ceramic-bowls-262947/,original,menu-section
037-healthy-recipe-bowl-1640773.jpg,Western-Food/avocado-toast/avocado-toast-01.jpg,Western-Food,avocado-toast,avocado toast with vegetables,1880,1253,landscape,92,unique,https://www.pexels.com/photo/assorted-salads-on-bowls-1640773/,original,food-card
038-healthy-recipe-bowl-1334128.jpg,Healthy-Light-Meals/yogurt-granola-bowl/yogurt-granola-bowl-01.jpg,Healthy-Light-Meals,yogurt-granola-bowl,yogurt granola bowl being served,1880,1253,landscape,92,unique,https://www.pexels.com/photo/person-holding-food-bowl-1334128/,original,food-card
039-healthy-recipe-bowl-13427812.jpg,Healthy-Light-Meals/raspberry-oatmeal-bowl/raspberry-oatmeal-bowl-01.jpg,Healthy-Light-Meals,raspberry-oatmeal-bowl,oatmeal bowl with raspberries,1733,1300,landscape,92,unique,https://www.pexels.com/photo/red-berries-on-top-of-oatmeal-in-white-ceramic-bowl-13427812/,original,food-card
040-healthy-recipe-bowl-6708441.jpg,Healthy-Light-Meals/berry-granola-breakfast-bowls/berry-granola-breakfast-bowls-01.jpg,Healthy-Light-Meals,berry-granola-breakfast-bowls,assorted berry granola breakfast bowls,1880,1217,landscape,92,unique,https://www.pexels.com/photo/bowls-of-fresh-fruits-breakfast-6708441/,original,gallery
041-healthy-recipe-bowl-4887980.jpg,Healthy-Light-Meals/lettuce-tomato-salad/lettuce-tomato-salad-01.jpg,Healthy-Light-Meals,lettuce-tomato-salad,lettuce tomato salad bowl,1880,1253,landscape,92,unique,https://www.pexels.com/photo/top-view-of-tomatoes-and-lettuce-on-a-bowl-4887980/,original,food-card
042-healthy-recipe-bowl-16123121.jpg,Healthy-Light-Meals/shrimp-grain-bowl/shrimp-grain-bowl-01.jpg,Healthy-Light-Meals,shrimp-grain-bowl,shrimp grain bowl with quinoa and avocado,1880,1253,landscape,92,unique,https://www.pexels.com/photo/salad-in-bowl-16123121/,original,food-card
043-healthy-recipe-bowl-29481840.jpg,Healthy-Light-Meals/banana-kiwi-oatmeal-bowl/banana-kiwi-oatmeal-bowl-01.jpg,Healthy-Light-Meals,banana-kiwi-oatmeal-bowl,banana kiwi oatmeal bowl,1880,1162,landscape,92,unique,https://www.pexels.com/photo/healthy-breakfast-bowl-with-fruits-and-oats-29481840/,original,food-card
044-healthy-recipe-bowl-6823370.jpg,Healthy-Light-Meals/yogurt-fruit-bowl/yogurt-fruit-bowl-01.jpg,Healthy-Light-Meals,yogurt-fruit-bowl,yogurt fruit bowl with berries,1880,1253,landscape,92,unique,https://www.pexels.com/photo/fruits-in-cream-in-bowl-6823370/,original,food-card
045-healthy-recipe-bowl-17942483.jpg,Healthy-Light-Meals/chicken-salad-bowl/chicken-salad-bowl-01.jpg,Healthy-Light-Meals,chicken-salad-bowl,chicken salad bowl with crackers,1880,1253,landscape,92,unique,https://www.pexels.com/photo/salad-bowl-served-in-a-restaurant-17942483/,original,food-card
046-healthy-recipe-bowl-17597414.jpg,Healthy-Light-Meals/grilled-chicken-avocado-bowl/grilled-chicken-avocado-bowl-01.jpg,Healthy-Light-Meals,grilled-chicken-avocado-bowl,grilled chicken avocado bowl with pineapple,1733,1300,landscape,92,unique,https://www.pexels.com/photo/bowl-of-sliced-fruits-checken-and-chopped-avocado-17597414/,original,food-card
047-healthy-recipe-bowl-6659548.jpg,Healthy-Light-Meals/green-salad-bowl/green-salad-bowl-01.jpg,Healthy-Light-Meals,green-salad-bowl,green salad bowl being eaten,1880,1253,landscape,92,unique,https://www.pexels.com/photo/woman-holding-a-plate-with-gnocchi-and-spinach-leaves-6659548/,original,gallery
048-healthy-recipe-bowl-1213710.jpg,Healthy-Light-Meals/green-salad-with-toast/green-salad-with-toast-01.jpg,Healthy-Light-Meals,green-salad-with-toast,green salad with toast,1880,1253,landscape,92,unique,https://www.pexels.com/photo/vegetable-salad-with-wheat-bread-on-the-side-1213710/,original,food-card
049-healthy-recipe-bowl-7655887.jpg,Healthy-Light-Meals/blueberry-oatmeal-bowl/blueberry-oatmeal-bowl-01.jpg,Healthy-Light-Meals,blueberry-oatmeal-bowl,blueberry oatmeal bowl,1880,1254,landscape,92,unique,https://www.pexels.com/photo/a-bowl-of-oatmeal-beside-a-wooden-spoon-on-a-wooden-tray-7655887/,original,food-card
050-healthy-recipe-bowl-17584427.jpg,Healthy-Light-Meals/cooking-vegetable-bowl/cooking-vegetable-bowl-01.jpg,Healthy-Light-Meals,cooking-vegetable-bowl,person plating vegetable bowl in kitchen,1880,1253,landscape,68,unique,https://www.pexels.com/photo/man-preparing-a-salad-in-a-kitchen-17584427/,original,background
051-healthy-recipe-bowl-34452010.jpg,Healthy-Light-Meals/fruit-granola-bowl/fruit-granola-bowl-01.jpg,Healthy-Light-Meals,fruit-granola-bowl,fruit granola bowl with spoon,1880,1253,landscape,92,unique,https://www.pexels.com/photo/colorful-breakfast-bowl-with-fresh-fruits-and-popsicle-34452010/,original,food-card
052-healthy-recipe-bowl-69482.jpg,Healthy-Light-Meals/herbed-grain-salad/herbed-grain-salad-01.jpg,Healthy-Light-Meals,herbed-grain-salad,herbed grain salad with radishes,1849,1300,landscape,92,unique,https://www.pexels.com/photo/white-ceramic-bowl-69482/,original,food-card
053-healthy-recipe-bowl-27134987.jpg,Healthy-Light-Meals/shrimp-rice-bowl/shrimp-rice-bowl-01.jpg,Healthy-Light-Meals,shrimp-rice-bowl,shrimp rice bowl with herbs,1880,1253,landscape,92,unique,https://www.pexels.com/photo/a-bowl-of-food-with-meat-and-vegetables-on-a-plate-27134987/,original,food-card
054-healthy-recipe-bowl-28935533.jpg,Healthy-Light-Meals/creamy-cucumber-salad/creamy-cucumber-salad-01.jpg,Healthy-Light-Meals,creamy-cucumber-salad,creamy cucumber salad with radish,1880,1058,landscape,92,unique,https://www.pexels.com/photo/colorful-dessert-bowl-with-matcha-and-toppings-28935533/,original,food-card
055-healthy-recipe-bowl-7964687.jpg,duplicates/women-holding-salad-bowls/women-holding-salad-bowls-02.jpg,Healthy-Light-Meals,women-holding-salad-bowls,two people holding salad bowls; lifestyle food image,1880,1255,landscape,68,similar-duplicate,https://www.pexels.com/photo/women-holding-bowls-of-vegetable-salad-7964687/,original,promotional-banner
056-healthy-recipe-bowl-3698.jpg,Healthy-Light-Meals/fruit-oatmeal-bowl/fruit-oatmeal-bowl-01.jpg,Healthy-Light-Meals,fruit-oatmeal-bowl,fruit oatmeal bowl with grapes,1880,1253,landscape,92,unique,https://www.pexels.com/photo/breakfast-food-fruits-healthy-3698/,original,food-card
057-healthy-recipe-bowl-9213881.jpg,Healthy-Light-Meals/vegetable-snack-platter/vegetable-snack-platter-01.jpg,Healthy-Light-Meals,vegetable-snack-platter,vegetable snack platter with dip,1880,1253,landscape,92,unique,https://www.pexels.com/photo/slices-of-vegetables-in-a-bowl-9213881/,original,gallery
058-healthy-recipe-bowl-34227772.jpg,Healthy-Light-Meals/pumpkin-soup/pumpkin-soup-01.jpg,Healthy-Light-Meals,pumpkin-soup,pumpkin soup with seeds,1880,1251,landscape,92,unique,https://www.pexels.com/photo/close-up-of-pumpkin-soup-in-black-bowl-34227772/,original,menu-section
059-healthy-recipe-bowl-7937004.jpg,Healthy-Light-Meals/fruit-granola-plate/fruit-granola-plate-01.jpg,Healthy-Light-Meals,fruit-granola-plate,fruit and granola plate,1880,1253,landscape,92,unique,https://www.pexels.com/photo/a-hand-getting-the-breakfast-bowl-7937004/,original,food-card
060-healthy-recipe-bowl-17291667.jpg,Healthy-Light-Meals/guacamole-tortilla-plate/guacamole-tortilla-plate-01.jpg,Healthy-Light-Meals,guacamole-tortilla-plate,guacamole with tortilla chips,1733,1300,landscape,92,unique,https://www.pexels.com/photo/green-hummus-and-pita-17291667/,original,food-card
061-chicken-broccoli-meal-262973.jpg,Western-Food/chicken-broccoli-plate/chicken-broccoli-plate-01.jpg,Western-Food,chicken-broccoli-plate,chicken with broccoli and potatoes,1880,1253,landscape,92,unique,https://www.pexels.com/photo/broccoli-in-bowl-262973/,original,food-card
062-chicken-broccoli-meal-9779959.jpg,Western-Food/chicken-broccoli-skillet/chicken-broccoli-skillet-01.jpg,Western-Food,chicken-broccoli-skillet,chicken and broccoli skillet,1880,1253,landscape,92,unique,https://www.pexels.com/photo/meal-on-a-pan-9779959/,original,food-card
063-chicken-broccoli-meal-16845749.jpg,Western-Food/grilled-chicken-vegetable-plate/grilled-chicken-vegetable-plate-01.jpg,Western-Food,grilled-chicken-vegetable-plate,grilled chicken with potatoes and vegetables,1880,1276,landscape,92,unique,https://www.pexels.com/photo/plate-with-a-delicious-meal-16845749/,original,food-card
064-chicken-broccoli-meal-5192427.jpg,Western-Food/chicken-broccoli-bowl/chicken-broccoli-bowl-01.jpg,Western-Food,chicken-broccoli-bowl,chicken broccoli bowl,1880,1253,landscape,92,unique,https://www.pexels.com/photo/green-broccoli-with-pasta-on-black-round-plate-5192427/,original,food-card
065-chicken-broccoli-meal-36936952.jpg,Western-Food/grilled-chicken-carrot-plate/grilled-chicken-carrot-plate-01.jpg,Western-Food,grilled-chicken-carrot-plate,grilled chicken with carrots and broccoli,1880,1253,landscape,92,unique,https://www.pexels.com/photo/grilled-chicken-with-vegetables-and-cream-sauce-36936952/,original,food-card
066-chicken-broccoli-meal-4020143.jpg,Western-Food/chicken-salad-dinner-plate/chicken-salad-dinner-plate-01.jpg,Western-Food,chicken-salad-dinner-plate,chicken salad dinner plate,1835,1300,landscape,92,unique,https://www.pexels.com/photo/cooked-food-on-white-ceramic-plate-4020143/,original,menu-section
067-chicken-broccoli-meal-10206010.jpg,Western-Food/chicken-broccoli-rice-plate/chicken-broccoli-rice-plate-01.jpg,Western-Food,chicken-broccoli-rice-plate,chicken broccoli rice plate,1880,1255,landscape,92,unique,https://www.pexels.com/photo/close-up-shot-of-a-person-eating-10206010/,original,food-card
068-chicken-broccoli-meal-1309595.jpg,Western-Food/chicken-fries-vegetable-plate/chicken-fries-vegetable-plate-01.jpg,Western-Food,chicken-fries-vegetable-plate,chicken with fries and vegetables,1880,1245,landscape,92,unique,https://www.pexels.com/photo/sliced-meat-with-vegetables-and-potato-fries-1309595/,original,food-card
069-chicken-broccoli-meal-25390047.jpg,Western-Food/roasted-chicken-broccoli-plate/roasted-chicken-broccoli-plate-01.jpg,Western-Food,roasted-chicken-broccoli-plate,roasted chicken with broccoli,1880,1254,landscape,92,unique,https://www.pexels.com/photo/grilled-chicken-served-with-broccoli-25390047/,original,food-card
070-chicken-broccoli-meal-9760210.jpg,Western-Food/creamy-chicken-broccoli-bowl/creamy-chicken-broccoli-bowl-01.jpg,Western-Food,creamy-chicken-broccoli-bowl,creamy chicken broccoli bowl,1880,1253,landscape,92,unique,https://www.pexels.com/photo/pasta-with-chicken-and-broccoli-in-a-white-bowl-9760210/,original,food-card
071-chicken-broccoli-meal-1309593.jpg,duplicates/chicken-fries-vegetable-plate/chicken-fries-vegetable-plate-02.jpg,Western-Food,chicken-fries-vegetable-plate,chicken with fries and vegetables,1880,1245,landscape,74,similar-duplicate,https://www.pexels.com/photo/meat-broccoli-and-fries-dish-1309593/,original,food-card
072-chicken-broccoli-meal-9760208.jpg,duplicates/creamy-chicken-broccoli-bowl/creamy-chicken-broccoli-bowl-02.jpg,Western-Food,creamy-chicken-broccoli-bowl,creamy chicken broccoli bowl,1880,1253,landscape,74,similar-duplicate,https://www.pexels.com/photo/bowl-of-chicken-soup-on-a-wooden-cutting-board-9760208/,original,food-card
073-chicken-broccoli-meal-9760205.jpg,duplicates/creamy-chicken-broccoli-bowl/creamy-chicken-broccoli-bowl-03.jpg,Western-Food,creamy-chicken-broccoli-bowl,creamy chicken broccoli bowl,1880,1253,landscape,74,similar-duplicate,https://www.pexels.com/photo/bowl-of-chicken-soup-and-vegetables-on-a-wooden-table-9760205/,original,food-card
074-chicken-broccoli-meal-9124026.jpg,Healthy-Light-Meals/shredded-vegetable-salad/shredded-vegetable-salad-01.jpg,Healthy-Light-Meals,shredded-vegetable-salad,shredded vegetable salad tray,1880,1253,landscape,92,unique,https://www.pexels.com/photo/close-up-shot-of-a-vegetable-salad-9124026/,original,gallery
075-chicken-broccoli-meal-5836771.jpg,Western-Food/chicken-kale-fries-plate/chicken-kale-fries-plate-01.jpg,Western-Food,chicken-kale-fries-plate,chicken with kale and fries,1880,1253,landscape,92,unique,https://www.pexels.com/photo/rice-toppings-and-french-fries-on-the-table-5836771/,original,food-card
076-chicken-broccoli-meal-11665404.jpg,Chinese-Food/teriyaki-chicken-rice-bento/teriyaki-chicken-rice-bento-01.jpg,Chinese-Food,teriyaki-chicken-rice-bento,rice bento with glazed chicken and vegetables,1733,1300,landscape,92,unique,https://www.pexels.com/photo/close-up-shot-of-delicious-food-11665404/,original,food-card
077-chicken-broccoli-meal-32287751.jpg,Healthy-Light-Meals/chicken-broccoli-meal-prep/chicken-broccoli-meal-prep-01.jpg,Healthy-Light-Meals,chicken-broccoli-meal-prep,chicken broccoli rice meal prep box,1733,1300,landscape,92,unique,https://www.pexels.com/photo/healthy-lunch-box-with-rice-and-vegetables-32287751/,original,food-card
078-chicken-broccoli-meal-38499488.jpg,Western-Food/grilled-chicken-salad-plate/grilled-chicken-salad-plate-01.jpg,Western-Food,grilled-chicken-salad-plate,grilled chicken with salad plate,1733,1300,landscape,92,unique,https://www.pexels.com/photo/delicious-chicken-dinner-with-vegetables-and-gravy-38499488/,original,food-card
079-chicken-broccoli-meal-7111388.jpg,Healthy-Light-Meals/chicken-broccoli-rice-bowl/chicken-broccoli-rice-bowl-01.jpg,Healthy-Light-Meals,chicken-broccoli-rice-bowl,chicken broccoli rice bowl,1880,1255,landscape,92,unique,https://www.pexels.com/photo/rice-with-green-vegetables-and-brown-chopsticks-on-white-bowl-7111388/,original,food-card
080-chicken-broccoli-meal-9213861.jpg,Healthy-Light-Meals/chicken-broccoli-salad-bake/chicken-broccoli-salad-bake-01.jpg,Healthy-Light-Meals,chicken-broccoli-salad-bake,chicken broccoli salad bake,1880,1253,landscape,92,unique,https://www.pexels.com/photo/a-close-up-shot-of-a-pasta-dish-9213861/,original,food-card
081-chicken-broccoli-meal-1247677.jpg,Western-Food/grilled-chicken-asparagus-plate/grilled-chicken-asparagus-plate-01.jpg,Western-Food,grilled-chicken-asparagus-plate,grilled chicken with asparagus,1880,1253,landscape,92,unique,https://www.pexels.com/photo/grilled-meat-with-green-ladies-finger-vegetable-on-white-ceramic-plate-1247677/,original,food-card
082-chicken-broccoli-meal-6048196.jpg,Healthy-Light-Meals/chicken-egg-broccoli-bowl/chicken-egg-broccoli-bowl-01.jpg,Healthy-Light-Meals,chicken-egg-broccoli-bowl,chicken egg broccoli bowl,1880,1253,landscape,92,unique,https://www.pexels.com/photo/cooked-meat-with-sliced-eggs-and-sliced-carrots-on-black-ceramic-plate-6048196/,original,food-card
083-chicken-broccoli-meal-36936953.jpg,Western-Food/grilled-chicken-potato-plate/grilled-chicken-potato-plate-01.jpg,Western-Food,grilled-chicken-potato-plate,grilled chicken with potatoes,1880,1253,landscape,92,unique,https://www.pexels.com/photo/grilled-chicken-with-vegetables-and-sauce-36936953/,original,food-card
084-chicken-broccoli-meal-7367223.jpg,Healthy-Light-Meals/avocado-chicken-meal-plate/avocado-chicken-meal-plate-01.jpg,Healthy-Light-Meals,avocado-chicken-meal-plate,avocado chicken meal plate with laptop,1880,1055,landscape,68,unique,https://www.pexels.com/photo/closeup-of-a-person-eating-dinner-and-looking-at-laptop-screen-7367223/,original,promotional-banner
085-chicken-broccoli-meal-10017.jpg,Western-Food/mixed-western-brunch-plate/mixed-western-brunch-plate-01.jpg,Western-Food,mixed-western-brunch-plate,mixed brunch plate with salad and rings,1880,1245,landscape,92,unique,https://www.pexels.com/photo/food-served-on-table-10017/,original,gallery
086-chicken-broccoli-meal-13990470.jpg,Western-Food/glazed-chicken-vegetable-plate/glazed-chicken-vegetable-plate-01.jpg,Western-Food,glazed-chicken-vegetable-plate,glazed chicken vegetable plate,1880,1253,landscape,92,unique,https://www.pexels.com/photo/a-close-up-shot-of-a-delicious-meal-13990470/,original,food-card
087-chicken-broccoli-meal-8995196.jpg,Western-Food/chicken-brussels-sprouts/chicken-brussels-sprouts-01.jpg,Western-Food,chicken-brussels-sprouts,chicken with brussels sprouts,1302,1300,landscape,92,unique,https://www.pexels.com/photo/top-view-of-delicious-food-with-broccoli-in-a-white-plate-8995196/,original,food-card
088-chicken-broccoli-meal-21517324.jpg,Western-Food/roasted-chicken-vegetable-plate/roasted-chicken-vegetable-plate-01.jpg,Western-Food,roasted-chicken-vegetable-plate,roasted chicken with vegetables,1880,1156,landscape,92,unique,https://www.pexels.com/photo/fried-chicken-with-mushrooms-and-vegetables-21517324/,original,food-card
089-chicken-broccoli-meal-21517321.jpg,duplicates/roasted-chicken-vegetable-plate/roasted-chicken-vegetable-plate-02.jpg,Western-Food,roasted-chicken-vegetable-plate,roasted chicken with vegetables,1880,1058,landscape,74,similar-duplicate,https://www.pexels.com/photo/chicken-and-vegetables-on-a-plate-21517321/,original,food-card
090-chicken-broccoli-meal-8859010.jpg,Western-Food/salmon-broccoli-plate/salmon-broccoli-plate-01.jpg,Western-Food,salmon-broccoli-plate,salmon with broccoli and potatoes,1880,1253,landscape,92,unique,https://www.pexels.com/photo/meat-in-crispy-breadcrumbs-with-broccoli-8859010/,original,food-card
091-chicken-broccoli-meal-9893216.jpg,Healthy-Light-Meals/chicken-avocado-salad/chicken-avocado-salad-01.jpg,Healthy-Light-Meals,chicken-avocado-salad,chicken avocado salad,1733,1300,landscape,92,unique,https://www.pexels.com/photo/healthy-vegetable-salad-in-a-ceramic-dish-9893216/,original,food-card
092-chicken-broccoli-meal-9213884.jpg,duplicates/vegetable-snack-platter/vegetable-snack-platter-02.jpg,Healthy-Light-Meals,vegetable-snack-platter,vegetable snack platter with dip,1880,1253,landscape,74,similar-duplicate,https://www.pexels.com/photo/vegetable-salad-beside-clear-glass-of-water-9213884/,original,gallery
093-chicken-broccoli-meal-19938618.jpg,Western-Food/grilled-chicken-sauce-plate/grilled-chicken-sauce-plate-01.jpg,Western-Food,grilled-chicken-sauce-plate,grilled chicken with sauces,1880,1253,landscape,92,unique,https://www.pexels.com/photo/meal-of-plate-19938618/,original,menu-section
094-chicken-broccoli-meal-8697537.jpg,Western-Food/grilled-fish-potato-plate/grilled-fish-potato-plate-01.jpg,Western-Food,grilled-fish-potato-plate,grilled fish with potatoes and broccoli,1303,1300,landscape,92,unique,https://www.pexels.com/photo/cooked-food-on-white-ceramic-plate-8697537/,original,food-card
095-chicken-broccoli-meal-5860603.jpg,duplicates/chicken-broccoli-meal-prep/chicken-broccoli-meal-prep-02.jpg,Healthy-Light-Meals,chicken-broccoli-meal-prep,chicken broccoli rice meal prep box,1880,1253,landscape,74,similar-duplicate,https://www.pexels.com/photo/healthy-meal-packed-in-a-box-5860603/,original,food-card
096-chicken-broccoli-meal-8994589.jpg,Western-Food/fried-chicken-salad-plate/fried-chicken-salad-plate-01.jpg,Western-Food,fried-chicken-salad-plate,fried chicken with salad,1733,1300,landscape,92,unique,https://www.pexels.com/photo/close-up-shot-of-delicious-food-8994589/,original,food-card
097-chicken-broccoli-meal-16845753.jpg,duplicates/grilled-chicken-vegetable-plate/grilled-chicken-vegetable-plate-02.jpg,Western-Food,grilled-chicken-vegetable-plate,grilled chicken with potatoes and vegetables,1880,1253,landscape,74,similar-duplicate,https://www.pexels.com/photo/dinner-with-chicken-in-sauce-16845753/,original,food-card
098-chicken-broccoli-meal-37529064.jpg,Western-Food/grilled-steak-vegetable-plate/grilled-steak-vegetable-plate-01.jpg,Western-Food,grilled-steak-vegetable-plate,grilled steak with mashed potatoes and vegetables,1880,1058,landscape,92,unique,https://www.pexels.com/photo/delicious-dinner-plate-with-gourmet-meal-37529064/,original,food-card
099-chicken-broccoli-meal-9760214.jpg,duplicates/creamy-chicken-broccoli-bowl/creamy-chicken-broccoli-bowl-04.jpg,Western-Food,creamy-chicken-broccoli-bowl,creamy chicken broccoli bowl,1880,1253,landscape,74,similar-duplicate,https://www.pexels.com/photo/close-up-photo-of-chicken-pasta-with-broccoli-in-a-white-bowl-9760214/,original,food-card
100-chicken-broccoli-meal-11299745.jpg,Western-Food/chicken-rice-dinner-plate/chicken-rice-dinner-plate-01.jpg,Western-Food,chicken-rice-dinner-plate,chicken rice dinner plate,1880,1257,landscape,92,unique,https://www.pexels.com/photo/a-set-of-fried-rice-and-meat-with-vegetable-meal-in-a-black-plate-near-a-fork-and-knife-11299745/,original,food-card
chinese-food-beef-noodles-32708186.jpg,Chinese-Food/beef-noodles/beef-noodles-01.jpg,Chinese-Food,beef-noodles,beef noodles from Pexels search result,1732,1300,landscape,92,unique,https://www.pexels.com/photo/delicious-asian-beef-soup-with-vegetables-32708186/,downloaded,food-card
chinese-food-beef-noodles-1907229.jpg,Chinese-Food/beef-noodles/beef-noodles-02.jpg,Chinese-Food,beef-noodles,beef noodles from Pexels search result,1880,1253,landscape,92,unique,https://www.pexels.com/photo/cooked-noodles-on-ceramic-bowl-1907229/,downloaded,food-card
chinese-food-beef-noodles-33571857.jpg,Chinese-Food/beef-noodles/beef-noodles-03.jpg,Chinese-Food,beef-noodles,beef noodles from Pexels search result,1880,1253,landscape,92,unique,https://www.pexels.com/photo/traditional-taiwanese-beef-noodle-soup-in-chiayi-33571857/,downloaded,food-card
chinese-food-beef-noodles-36783995.jpg,Chinese-Food/beef-noodles/beef-noodles-04.jpg,Chinese-Food,beef-noodles,beef noodles from Pexels search result,1880,1253,landscape,92,unique,https://www.pexels.com/photo/delicious-bowl-of-spicy-asian-beef-noodle-soup-36783995/,downloaded,food-card
chinese-food-fried-rice-28503589.jpg,Chinese-Food/fried-rice/fried-rice-01.jpg,Chinese-Food,fried-rice,fried rice from Pexels search result,1880,1253,landscape,92,unique,https://www.pexels.com/photo/delicious-fried-rice-with-omelette-garnish-28503589/,downloaded,food-card
chinese-food-fried-rice-13065212.jpg,Chinese-Food/fried-rice/fried-rice-02.jpg,Chinese-Food,fried-rice,fried rice from Pexels search result,1880,1253,landscape,92,unique,https://www.pexels.com/photo/fried-rice-in-a-bowl-13065212/,downloaded,food-card
chinese-food-fried-rice-5409016.jpg,Chinese-Food/fried-rice/fried-rice-03.jpg,Chinese-Food,fried-rice,fried rice from Pexels search result,1880,1253,landscape,92,unique,https://www.pexels.com/photo/rice-meal-with-brown-sauce-on-oval-plate-5409016/,downloaded,food-card
chinese-food-fried-rice-31710629.jpg,Chinese-Food/fried-rice/fried-rice-04.jpg,Chinese-Food,fried-rice,fried rice from Pexels search result,1880,1253,landscape,92,unique,https://www.pexels.com/photo/gourmet-seafood-fried-rice-on-rustic-table-31710629/,downloaded,food-card
chinese-food-shrimp-dumplings-32393810.jpg,Chinese-Food/shrimp-dumplings/shrimp-dumplings-01.jpg,Chinese-Food,shrimp-dumplings,shrimp dumplings from Pexels search result,1880,1155,landscape,92,unique,https://www.pexels.com/photo/steamed-dim-sum-in-bamboo-steamers-32393810/,downloaded,food-card
chinese-food-shrimp-dumplings-31261436.jpg,Chinese-Food/shrimp-dumplings/shrimp-dumplings-02.jpg,Chinese-Food,shrimp-dumplings,shrimp dumplings from Pexels search result,1880,1253,landscape,92,unique,https://www.pexels.com/photo/delicious-steamed-shrimp-dumplings-in-bamboo-basket-31261436/,downloaded,food-card
chinese-food-shrimp-dumplings-32393812.jpg,Chinese-Food/shrimp-dumplings/shrimp-dumplings-03.jpg,Chinese-Food,shrimp-dumplings,shrimp dumplings from Pexels search result,1880,1253,landscape,92,unique,https://www.pexels.com/photo/steamed-dim-sum-dumplings-in-bamboo-basket-32393812/,downloaded,food-card
chinese-food-shrimp-dumplings-32393811.jpg,Chinese-Food/shrimp-dumplings/shrimp-dumplings-04.jpg,Chinese-Food,shrimp-dumplings,shrimp dumplings from Pexels search result,1880,1253,landscape,92,unique,https://www.pexels.com/photo/close-up-of-steamed-shumai-in-bamboo-steamer-32393811/,downloaded,food-card
chinese-food-tomato-scrambled-eggs-37332248.jpg,Chinese-Food/tomato-scrambled-eggs/tomato-scrambled-eggs-01.jpg,Chinese-Food,tomato-scrambled-eggs,tomato scrambled eggs from Pexels search result,1880,1253,landscape,92,unique,https://www.pexels.com/photo/delicious-japanese-omurice-with-rich-tomato-sauce-37332248/,downloaded,food-card
chinese-food-tomato-scrambled-eggs-20044229.jpg,Western-Food/omelette-with-tomato-sauce/omelette-with-tomato-sauce-01.jpg,Western-Food,omelette-with-tomato-sauce,omelette topped with tomato sauce,1880,1253,landscape,92,unique,https://www.pexels.com/photo/roasted-bread-scramble-eggs-and-tomato-salad-20044229/,downloaded,food-card
chinese-food-tomato-scrambled-eggs-3904924.jpg,Chinese-Food/egg-fried-rice/egg-fried-rice-01.jpg,Chinese-Food,egg-fried-rice,egg fried rice in a small pan,1880,1253,landscape,92,unique,https://www.pexels.com/photo/food-in-a-stainless-pot-3904924/,downloaded,food-card
chinese-food-tomato-scrambled-eggs-7696496.jpg,review-needed/cooking-prep-batter/cooking-prep-batter-01.jpg,review-needed,cooking-prep-batter,cooking preparation image; finished dish unclear,1880,1253,landscape,58,needs-review,https://www.pexels.com/photo/cooked-food-in-the-frying-pan-7696496/,downloaded,background
chinese-food-mapo-tofu-15177422.jpg,review-needed/unidentified-chinese-hot-pot/unidentified-chinese-hot-pot-01.jpg,review-needed,unidentified-chinese-hot-pot,Chinese-style hot pot or braised dish; exact dish unclear,1880,1253,landscape,58,needs-review,https://www.pexels.com/photo/food-in-pot-15177422/,downloaded,review-needed
chinese-food-mapo-tofu-38453084.jpg,Chinese-Food/mapo-tofu/mapo-tofu-01.jpg,Chinese-Food,mapo-tofu,mapo tofu from Pexels search result,1880,1253,landscape,92,unique,https://www.pexels.com/photo/delicious-asian-tofu-rice-dish-on-wooden-table-38453084/,downloaded,food-card
chinese-food-mapo-tofu-6646166.jpg,Chinese-Food/spicy-beef-noodles/spicy-beef-noodles-01.jpg,Chinese-Food,spicy-beef-noodles,spicy noodles with meat and sauce,1880,1253,landscape,92,unique,https://www.pexels.com/photo/dried-noodles-and-tofu-on-a-ceramic-plate-6646166/,downloaded,food-card
chinese-food-mapo-tofu-29902068.jpg,Chinese-Food/mapo-tofu/mapo-tofu-02.jpg,Chinese-Food,mapo-tofu,mapo tofu from Pexels search result,1880,1255,landscape,92,unique,https://www.pexels.com/photo/delicious-tofu-stew-in-rustic-pot-29902068/,downloaded,food-card
chinese-food-kung-pao-chicken-30708204.jpg,Chinese-Food/kung-pao-chicken/kung-pao-chicken-01.jpg,Chinese-Food,kung-pao-chicken,kung pao chicken from Pexels search result,1880,1253,landscape,92,unique,https://www.pexels.com/photo/delicious-kung-pao-chicken-on-white-plate-30708204/,downloaded,food-card
chinese-food-kung-pao-chicken-36694549.jpg,Chinese-Food/kung-pao-chicken/kung-pao-chicken-02.jpg,Chinese-Food,kung-pao-chicken,kung pao chicken from Pexels search result,1880,1253,landscape,92,unique,https://www.pexels.com/photo/delicious-kung-pao-chicken-on-white-plate-36694549/,downloaded,food-card
chinese-food-kung-pao-chicken-30604610.jpg,Chinese-Food/kung-pao-chicken/kung-pao-chicken-03.jpg,Chinese-Food,kung-pao-chicken,kung pao chicken from Pexels search result,1880,1253,landscape,92,unique,https://www.pexels.com/photo/delicious-indo-chinese-schezwan-chicken-stir-fry-30604610/,downloaded,food-card
chinese-food-kung-pao-chicken-10692530.jpg,review-needed/unidentified-chinese-soup/unidentified-chinese-soup-01.jpg,review-needed,unidentified-chinese-soup,dark bowl of Chinese-style soup; exact dish unclear,1880,1254,landscape,58,needs-review,https://www.pexels.com/photo/close-up-of-soup-10692530/,downloaded,review-needed
chinese-food-wonton-soup-37113522.jpg,Chinese-Food/wonton-soup/wonton-soup-01.jpg,Chinese-Food,wonton-soup,wonton soup from Pexels search result,1880,1253,landscape,92,unique,https://www.pexels.com/photo/delicious-wonton-soup-in-ceramic-bowl-37113522/,downloaded,food-card
chinese-food-wonton-soup-37185612.jpg,Chinese-Food/wonton-soup/wonton-soup-02.jpg,Chinese-Food,wonton-soup,wonton soup from Pexels search result,1880,1251,landscape,92,unique,https://www.pexels.com/photo/delicious-chinese-soup-with-leafy-greens-in-bowl-37185612/,downloaded,food-card
chinese-food-wonton-soup-30086569.jpg,Chinese-Food/wonton-soup/wonton-soup-03.jpg,Chinese-Food,wonton-soup,wonton soup from Pexels search result,1880,1253,landscape,92,unique,https://www.pexels.com/photo/authentic-asian-vegetable-and-noodle-soup-30086569/,downloaded,food-card
chinese-food-wonton-soup-35157092.jpg,Chinese-Food/wonton-soup/wonton-soup-04.jpg,Chinese-Food,wonton-soup,wonton soup from Pexels search result,1880,1253,landscape,92,unique,https://www.pexels.com/photo/delicious-dumpling-soup-in-disposable-bowl-35157092/,downloaded,food-card
chinese-food-spring-rolls-37261945.jpg,Chinese-Food/spring-rolls/spring-rolls-01.jpg,Chinese-Food,spring-rolls,spring rolls from Pexels search result,1635,1300,landscape,92,unique,https://www.pexels.com/photo/delicious-homemade-spring-rolls-on-wooden-plate-37261945/,downloaded,food-card
chinese-food-spring-rolls-37261944.jpg,Chinese-Food/spring-rolls/spring-rolls-02.jpg,Chinese-Food,spring-rolls,spring rolls from Pexels search result,1880,1228,landscape,92,unique,https://www.pexels.com/photo/cooking-spring-rolls-in-frying-pan-37261944/,downloaded,food-card
chinese-food-spring-rolls-6646369.jpg,Chinese-Food/spring-rolls/spring-rolls-03.jpg,Chinese-Food,spring-rolls,spring rolls from Pexels search result,1880,1253,landscape,92,unique,https://www.pexels.com/photo/food-restaurant-dinner-lunch-6646369/,downloaded,food-card
chinese-food-spring-rolls-35407775.jpg,Chinese-Food/spring-rolls/spring-rolls-04.jpg,Chinese-Food,spring-rolls,spring rolls from Pexels search result,1880,1253,landscape,92,unique,https://www.pexels.com/photo/close-up-of-freshly-made-spring-rolls-on-a-tray-35407775/,downloaded,food-card
chinese-food-bao-buns-8093612.jpg,Chinese-Food/steamed-bao-buns/steamed-bao-buns-01.jpg,Chinese-Food,steamed-bao-buns,steamed bao buns in bamboo steamer,1880,1253,landscape,92,unique,https://www.pexels.com/photo/kitchen-table-with-baozi-steamer-baskets-8093612/,downloaded,food-card
chinese-food-bao-buns-33428721.jpg,Chinese-Food/bao-bun-tacos/bao-bun-tacos-01.jpg,Chinese-Food,bao-bun-tacos,bao bun style tacos served with sauces,1880,1253,landscape,92,unique,https://www.pexels.com/photo/gourmet-bao-buns-with-assorted-sauces-33428721/,downloaded,food-card
chinese-food-bao-buns-30708197.jpg,Chinese-Food/bao-bun-tacos/bao-bun-tacos-02.jpg,Chinese-Food,bao-bun-tacos,bao bun style tacos with greens and grilled filling,1880,1253,landscape,92,unique,https://www.pexels.com/photo/delicious-asian-bao-buns-with-crispy-pork-30708197/,downloaded,food-card
chinese-food-bao-buns-7474169.jpg,Chinese-Food/bao-bun-tacos/bao-bun-tacos-03.jpg,Chinese-Food,bao-bun-tacos,bao bun style filled buns with sauce,1880,1253,landscape,92,unique,https://www.pexels.com/photo/sandwich-in-bowl-with-different-food-on-table-7474169/,downloaded,food-card
chinese-food-chow-mein-24738507.jpg,Chinese-Food/chow-mein/chow-mein-01.jpg,Chinese-Food,chow-mein,chow mein from Pexels search result,1733,1300,landscape,92,unique,https://www.pexels.com/photo/close-up-of-chicken-noodles-dish-24738507/,downloaded,food-card
chinese-food-chow-mein-12669951.jpg,Chinese-Food/chow-mein/chow-mein-02.jpg,Chinese-Food,chow-mein,chow mein from Pexels search result,1880,1253,landscape,92,unique,https://www.pexels.com/photo/pasta-on-plate-12669951/,downloaded,food-card
chinese-food-chow-mein-24243345.jpg,Chinese-Food/chow-mein/chow-mein-03.jpg,Chinese-Food,chow-mein,chow mein from Pexels search result,1880,1253,landscape,92,unique,https://www.pexels.com/photo/two-plates-of-spaghetti-24243345/,downloaded,food-card
chinese-food-chow-mein-2347383.jpg,Chinese-Food/chow-mein/chow-mein-04.jpg,Chinese-Food,chow-mein,chow mein from Pexels search result,1880,1254,landscape,92,unique,https://www.pexels.com/photo/stir-fry-noodles-in-bowl-2347383/,downloaded,food-card
western-food-seafood-pasta-24289217.jpg,Western-Food/seafood-pasta/seafood-pasta-01.jpg,Western-Food,seafood-pasta,seafood pasta from Pexels search result,1880,1253,landscape,92,unique,https://www.pexels.com/photo/soup-with-pasta-and-seafood-24289217/,downloaded,food-card
western-food-seafood-pasta-17243892.jpg,Western-Food/seafood-pasta/seafood-pasta-02.jpg,Western-Food,seafood-pasta,seafood pasta from Pexels search result,1733,1300,landscape,92,unique,https://www.pexels.com/photo/pasta-dish-with-mussels-17243892/,downloaded,food-card
western-food-seafood-pasta-18708072.jpg,Western-Food/seafood-pasta/seafood-pasta-03.jpg,Western-Food,seafood-pasta,seafood pasta from Pexels search result,1733,1300,landscape,92,unique,https://www.pexels.com/photo/pasta-with-seafood-18708072/,downloaded,food-card
western-food-seafood-pasta-31261504.jpg,Western-Food/seafood-pasta/seafood-pasta-04.jpg,Western-Food,seafood-pasta,seafood pasta from Pexels search result,1880,1253,landscape,92,unique,https://www.pexels.com/photo/gourmet-seafood-pasta-with-vegetables-31261504/,downloaded,food-card
western-food-grilled-steak-37414034.jpg,Western-Food/grilled-steak/grilled-steak-01.jpg,Western-Food,grilled-steak,grilled steak from Pexels search result,1880,1253,landscape,92,unique,https://www.pexels.com/photo/grilled-beef-steaks-on-barbecue-in-coesfeld-37414034/,downloaded,food-card
western-food-grilled-steak-34624131.jpg,Western-Food/grilled-steak/grilled-steak-02.jpg,Western-Food,grilled-steak,grilled steak from Pexels search result,1880,1253,landscape,92,unique,https://www.pexels.com/photo/grilling-juicy-steaks-over-open-flame-34624131/,downloaded,food-card
western-food-grilled-steak-8477301.jpg,Western-Food/grilled-steak/grilled-steak-03.jpg,Western-Food,grilled-steak,grilled steak from Pexels search result,1880,1254,landscape,92,unique,https://www.pexels.com/photo/meat-on-charcoal-grill-8477301/,downloaded,food-card
western-food-grilled-steak-27643030.jpg,Western-Food/grilled-steak/grilled-steak-04.jpg,Western-Food,grilled-steak,grilled steak from Pexels search result,1880,1253,landscape,92,unique,https://www.pexels.com/photo/a-steak-and-fries-on-a-plate-27643030/,downloaded,food-card
western-food-mushroom-pizza-11432059.jpg,Western-Food/mushroom-pizza/mushroom-pizza-01.jpg,Western-Food,mushroom-pizza,mushroom pizza from Pexels search result,1880,1255,landscape,92,unique,https://www.pexels.com/photo/delicious-homemade-mushroom-and-cheese-pizza-11432059/,downloaded,food-card
western-food-mushroom-pizza-5903378.jpg,Western-Food/mushroom-pizza/mushroom-pizza-02.jpg,Western-Food,mushroom-pizza,mushroom pizza from Pexels search result,1880,1253,landscape,92,unique,https://www.pexels.com/photo/pizza-on-brown-wooden-table-5903378/,downloaded,food-card
western-food-mushroom-pizza-6147824.jpg,Western-Food/mushroom-pizza/mushroom-pizza-03.jpg,Western-Food,mushroom-pizza,mushroom pizza from Pexels search result,1880,1253,landscape,92,unique,https://www.pexels.com/photo/pizza-with-mushroom-topping-beside-red-tomatoes-on-a-wooden-surface-6147824/,downloaded,food-card
western-food-mushroom-pizza-17555546.jpg,Western-Food/mushroom-pizza/mushroom-pizza-04.jpg,Western-Food,mushroom-pizza,mushroom pizza from Pexels search result,1880,1255,landscape,92,unique,https://www.pexels.com/photo/close-up-of-champignons-17555546/,downloaded,food-card
western-food-roasted-chicken-37100056.jpg,Western-Food/roasted-chicken/roasted-chicken-01.jpg,Western-Food,roasted-chicken,roasted chicken from Pexels search result,1880,1253,landscape,92,unique,https://www.pexels.com/photo/baked-chicken-with-roasted-vegetables-in-kitchen-37100056/,downloaded,food-card
western-food-roasted-chicken-27643001.jpg,Western-Food/roasted-chicken/roasted-chicken-02.jpg,Western-Food,roasted-chicken,roasted chicken from Pexels search result,1880,1253,landscape,92,unique,https://www.pexels.com/photo/a-person-in-black-gloves-is-cutting-up-a-chicken-27643001/,downloaded,food-card
western-food-roasted-chicken-6163271.jpg,Western-Food/roasted-chicken/roasted-chicken-03.jpg,Western-Food,roasted-chicken,roasted chicken from Pexels search result,1880,1253,landscape,92,unique,https://www.pexels.com/photo/close-up-photo-of-roasted-chicken-6163271/,downloaded,food-card
western-food-roasted-chicken-5718071.jpg,Western-Food/roasted-chicken/roasted-chicken-04.jpg,Western-Food,roasted-chicken,roasted chicken from Pexels search result,1880,1253,landscape,92,unique,https://www.pexels.com/photo/cutting-roasted-chicken-in-close-up-5718071/,downloaded,food-card
